{
  "num_samples": 64,
  "landmark_mean_error": 36.31175138056278,
  "bpd_mean_L1": 16.037588119506836,
  "bpd_median_L1": 1.741912841796875,
  "bpd_bias": -14.288595199584961,
  "bpd_loA": [
    -78.3167495727539,
    49.73955535888672
  ],
  "ofd_mean_L1": 77.71841430664062,
  "ofd_median_L1": 78.88347625732422,
  "ofd_bias": -71.4859619140625,
  "ofd_loA": [
    -155.39157104492188,
    12.419654846191406
  ]
}