{
  "num_samples": 64,
  "landmark_mean_error": 44.0360988676548,
  "bpd_mean_L1": 6.372381210327148,
  "bpd_median_L1": 1.2764358520507812,
  "bpd_bias": -4.8636016845703125,
  "bpd_loA": [
    -41.30842971801758,
    31.581226348876953
  ],
  "ofd_mean_L1": 138.9978485107422,
  "ofd_median_L1": 143.11216735839844,
  "ofd_bias": -138.9978485107422,
  "ofd_loA": [
    -203.6856231689453,
    -74.31007385253906
  ]
}