{
  "num_samples": 64,
  "landmark_mean_error": 39.065078714862466,
  "bpd_mean_L1": 6.55715799331665,
  "bpd_median_L1": 1.0579910278320312,
  "bpd_bias": -5.016721725463867,
  "bpd_loA": [
    -43.344932556152344,
    33.311485290527344
  ],
  "ofd_mean_L1": 108.63117218017578,
  "ofd_median_L1": 127.01301574707031,
  "ofd_bias": -107.33158874511719,
  "ofd_loA": [
    -222.47613525390625,
    7.812957763671875
  ]
}