{
  "num_samples": 64,
  "landmark_mean_error": 20.052563571371138,
  "bpd_mean_L1": 16.210582733154297,
  "bpd_median_L1": 1.6237716674804688,
  "bpd_bias": -14.682472229003906,
  "bpd_loA": [
    -81.7041258239746,
    52.339181365966795
  ],
  "ofd_mean_L1": 31.70728302001953,
  "ofd_median_L1": 4.2885894775390625,
  "ofd_bias": -30.460939407348633,
  "ofd_loA": [
    -110.56121757507324,
    49.63933876037598
  ]
}