{
  "num_samples": 64,
  "landmark_mean_error": 43.61882820725441,
  "bpd_mean_L1": 5.31484317779541,
  "bpd_median_L1": 1.02105712890625,
  "bpd_bias": -4.275217056274414,
  "bpd_loA": [
    -38.96973419189453,
    30.419301986694336
  ],
  "ofd_mean_L1": 141.2840576171875,
  "ofd_median_L1": 143.90496826171875,
  "ofd_bias": -141.2840576171875,
  "ofd_loA": [
    -201.15386962890625,
    -81.41424560546875
  ]
}