{
  "num_samples": 64,
  "landmark_mean_error": 21.022954097017646,
  "bpd_mean_L1": 25.2302303314209,
  "bpd_median_L1": 1.970367431640625,
  "bpd_bias": -23.649404525756836,
  "bpd_loA": [
    -108.16065979003906,
    60.861846923828125
  ],
  "ofd_mean_L1": 25.40796661376953,
  "ofd_median_L1": 5.4486541748046875,
  "ofd_bias": -21.29654884338379,
  "ofd_loA": [
    -96.44586181640625,
    53.85276794433594
  ]
}