{
  "num_samples": 64,
  "landmark_mean_error": 42.982867270708084,
  "bpd_mean_L1": 6.412236213684082,
  "bpd_median_L1": 1.214691162109375,
  "bpd_bias": -5.025577068328857,
  "bpd_loA": [
    -42.4626350402832,
    32.41147994995117
  ],
  "ofd_mean_L1": 143.7747802734375,
  "ofd_median_L1": 147.39501953125,
  "ofd_bias": -143.7747802734375,
  "ofd_loA": [
    -196.100830078125,
    -91.44873046875
  ]
}