{
  "num_samples": 64,
  "landmark_mean_error": 17.017641498707235,
  "bpd_mean_L1": 9.189491271972656,
  "bpd_median_L1": 1.2970809936523438,
  "bpd_bias": -7.586375713348389,
  "bpd_loA": [
    -52.01936340332031,
    36.84661102294922
  ],
  "ofd_mean_L1": 21.990413665771484,
  "ofd_median_L1": 2.539459228515625,
  "ofd_bias": -17.235397338867188,
  "ofd_loA": [
    -93.2529296875,
    58.782135009765625
  ]
}