{
  "num_samples": 64,
  "landmark_mean_error": 24.566273698583245,
  "bpd_mean_L1": 27.860408782958984,
  "bpd_median_L1": 2.04052734375,
  "bpd_bias": -26.558853149414062,
  "bpd_loA": [
    -112.01517486572266,
    58.89746856689453
  ],
  "ofd_mean_L1": 33.851112365722656,
  "ofd_median_L1": 6.815113067626953,
  "ofd_bias": -29.953733444213867,
  "ofd_loA": [
    -122.38336944580078,
    62.47589874267578
  ]
}