{
  "num_samples": 64,
  "landmark_mean_error": 26.340485777705908,
  "bpd_mean_L1": 21.24772071838379,
  "bpd_median_L1": 2.22515869140625,
  "bpd_bias": -18.328107833862305,
  "bpd_loA": [
    -93.35102081298828,
    56.694801330566406
  ],
  "ofd_mean_L1": 42.20487976074219,
  "ofd_median_L1": 29.74465560913086,
  "ofd_bias": -39.563865661621094,
  "ofd_loA": [
    -128.34170532226562,
    49.21397399902344
  ]
}