{
  "num_samples": 64,
  "landmark_mean_error": 15.002604600042105,
  "bpd_mean_L1": 10.335809707641602,
  "bpd_median_L1": 1.4217071533203125,
  "bpd_bias": -8.536965370178223,
  "bpd_loA": [
    -62.9884033203125,
    45.91447448730469
  ],
  "ofd_mean_L1": 17.90769386291504,
  "ofd_median_L1": 2.7257843017578125,
  "ofd_bias": -12.990765571594238,
  "ofd_loA": [
    -81.08041381835938,
    55.098880767822266
  ]
}