{
  "num_samples": 64,
  "landmark_mean_error": 132.33782052993774,
  "bpd_mean_L1": 78.43834686279297,
  "bpd_median_L1": 71.60304260253906,
  "bpd_bias": -34.8128776550293,
  "bpd_loA": [
    -208.60374130249022,
    138.97798599243163
  ],
  "ofd_mean_L1": 72.58671569824219,
  "ofd_median_L1": 71.94978332519531,
  "ofd_bias": -35.57577133178711,
  "ofd_loA": [
    -193.4128791809082,
    122.26133651733397
  ]
}