{
  "STAGE1_BASELINE__single_head_P0_A0": {
    "arch": "single_head",
    "best_val_loss": 0.0005182074673939496,
    "num_samples": 64,
    "landmark_mean_error": 24.566273698583245,
    "bpd_mean_L1": 27.860408782958984,
    "bpd_median_L1": 2.04052734375,
    "bpd_bias": -26.558853149414062,
    "bpd_loA": [
      -112.01517486572266,
      58.89746856689453
    ],
    "ofd_mean_L1": 33.851112365722656,
    "ofd_median_L1": 6.815113067626953,
    "ofd_bias": -29.953733444213867,
    "ofd_loA": [
      -122.38336944580078,
      62.47589874267578
    ]
  },
  "STAGE1_BASELINE__multi_head_P0_A0": {
    "arch": "multi_head",
    "best_val_loss": 0.0005058049318904523,
    "num_samples": 64,
    "landmark_mean_error": 21.022954097017646,
    "bpd_mean_L1": 25.2302303314209,
    "bpd_median_L1": 1.970367431640625,
    "bpd_bias": -23.649404525756836,
    "bpd_loA": [
      -108.16065979003906,
      60.861846923828125
    ],
    "ofd_mean_L1": 25.40796661376953,
    "ofd_median_L1": 5.4486541748046875,
    "ofd_bias": -21.29654884338379,
    "ofd_loA": [
      -96.44586181640625,
      53.85276794433594
    ]
  },
  "STAGE1_BASELINE__high_res_P0_A0": {
    "arch": "high_res",
    "best_val_loss": 0.0005872063629794866,
    "num_samples": 64,
    "landmark_mean_error": 26.340485777705908,
    "bpd_mean_L1": 21.24772071838379,
    "bpd_median_L1": 2.22515869140625,
    "bpd_bias": -18.328107833862305,
    "bpd_loA": [
      -93.35102081298828,
      56.694801330566406
    ],
    "ofd_mean_L1": 42.20487976074219,
    "ofd_median_L1": 29.74465560913086,
    "ofd_bias": -39.563865661621094,
    "ofd_loA": [
      -128.34170532226562,
      49.21397399902344
    ]
  },
  "STAGE2_REFINED__multi_head_P1_A2": {
    "arch": "multi_head",
    "best_val_loss": 0.0004981111924280412,
    "num_samples": 64,
    "landmark_mean_error": 37.377505857497454,
    "bpd_mean_L1": 7.998133659362793,
    "bpd_median_L1": 1.166351318359375,
    "bpd_bias": -6.617307662963867,
    "bpd_loA": [
      -42.265716552734375,
      29.031103134155273
    ],
    "ofd_mean_L1": 119.50128173828125,
    "ofd_median_L1": 131.59524536132812,
    "ofd_bias": -119.50128173828125,
    "ofd_loA": [
      -218.10145568847656,
      -20.901107788085938
    ]
  },
  "STAGE2_REFINED__single_head_P1_A2": {
    "arch": "single_head",
    "best_val_loss": 0.000580640000407584,
    "num_samples": 64,
    "landmark_mean_error": 45.93901252746582,
    "bpd_mean_L1": 16.562393188476562,
    "bpd_median_L1": 1.99871826171875,
    "bpd_bias": -14.836869239807129,
    "bpd_loA": [
      -85.1209716796875,
      55.447235107421875
    ],
    "ofd_mean_L1": 140.93020629882812,
    "ofd_median_L1": 145.12266540527344,
    "ofd_bias": -140.93020629882812,
    "ofd_loA": [
      -199.62380981445312,
      -82.23660278320312
    ]
  },
  "STAGE3_FULL__multi_head_P0_A0": {
    "arch": "multi_head",
    "best_val_loss": 0.0005410139565356076,
    "num_samples": 64,
    "landmark_mean_error": 24.97426372859627,
    "bpd_mean_L1": 23.171463012695312,
    "bpd_median_L1": 2.3193130493164062,
    "bpd_bias": -17.301578521728516,
    "bpd_loA": [
      -104.7000732421875,
      70.096923828125
    ],
    "ofd_mean_L1": 34.69196701049805,
    "ofd_median_L1": 16.72270965576172,
    "ofd_bias": -31.028743743896484,
    "ofd_loA": [
      -114.40475463867188,
      52.34727096557617
    ]
  },
  "STAGE3_FULL__multi_head_P0_A1": {
    "arch": "multi_head",
    "best_val_loss": 0.00047963399993022904,
    "num_samples": 64,
    "landmark_mean_error": 15.002604600042105,
    "bpd_mean_L1": 10.335809707641602,
    "bpd_median_L1": 1.4217071533203125,
    "bpd_bias": -8.536965370178223,
    "bpd_loA": [
      -62.9884033203125,
      45.91447448730469
    ],
    "ofd_mean_L1": 17.90769386291504,
    "ofd_median_L1": 2.7257843017578125,
    "ofd_bias": -12.990765571594238,
    "ofd_loA": [
      -81.08041381835938,
      55.098880767822266
    ]
  },
  "STAGE3_FULL__multi_head_P0_A2": {
    "arch": "multi_head",
    "best_val_loss": 0.0005165294096514117,
    "num_samples": 64,
    "landmark_mean_error": 44.0360988676548,
    "bpd_mean_L1": 6.372381210327148,
    "bpd_median_L1": 1.2764358520507812,
    "bpd_bias": -4.8636016845703125,
    "bpd_loA": [
      -41.30842971801758,
      31.581226348876953
    ],
    "ofd_mean_L1": 138.9978485107422,
    "ofd_median_L1": 143.11216735839844,
    "ofd_bias": -138.9978485107422,
    "ofd_loA": [
      -203.6856231689453,
      -74.31007385253906
    ]
  },
  "STAGE3_FULL__multi_head_P0_A3": {
    "arch": "multi_head",
    "best_val_loss": 0.0005109757403261028,
    "num_samples": 64,
    "landmark_mean_error": 44.076260566711426,
    "bpd_mean_L1": 8.209126472473145,
    "bpd_median_L1": 1.3659439086914062,
    "bpd_bias": -7.543703079223633,
    "bpd_loA": [
      -50.894020080566406,
      35.806610107421875
    ],
    "ofd_mean_L1": 109.30174255371094,
    "ofd_median_L1": 130.20846557617188,
    "ofd_bias": -108.3422622680664,
    "ofd_loA": [
      -218.04295349121094,
      1.358428955078125
    ]
  },
  "STAGE3_FULL__multi_head_P1_A0": {
    "arch": "multi_head",
    "best_val_loss": 0.0005197491409489885,
    "num_samples": 64,
    "landmark_mean_error": 21.098969060461968,
    "bpd_mean_L1": 18.25806427001953,
    "bpd_median_L1": 1.81134033203125,
    "bpd_bias": -15.707321166992188,
    "bpd_loA": [
      -92.96859741210938,
      61.553955078125
    ],
    "ofd_mean_L1": 35.456512451171875,
    "ofd_median_L1": 11.22015380859375,
    "ofd_bias": -33.43301773071289,
    "ofd_loA": [
      -112.24761962890625,
      45.381587982177734
    ]
  },
  "STAGE3_FULL__multi_head_P1_A1": {
    "arch": "multi_head",
    "best_val_loss": 0.0005018249430577271,
    "num_samples": 64,
    "landmark_mean_error": 14.395603761076927,
    "bpd_mean_L1": 6.1054368019104,
    "bpd_median_L1": 1.346343994140625,
    "bpd_bias": -4.109997272491455,
    "bpd_loA": [
      -34.84595489501953,
      26.625961303710938
    ],
    "ofd_mean_L1": 15.01569938659668,
    "ofd_median_L1": 1.9229888916015625,
    "ofd_bias": -10.549505233764648,
    "ofd_loA": [
      -68.98204803466797,
      47.88304138183594
    ]
  },
  "STAGE3_FULL__multi_head_P1_A2": {
    "arch": "multi_head",
    "best_val_loss": 0.0005116136962897144,
    "num_samples": 64,
    "landmark_mean_error": 42.982867270708084,
    "bpd_mean_L1": 6.412236213684082,
    "bpd_median_L1": 1.214691162109375,
    "bpd_bias": -5.025577068328857,
    "bpd_loA": [
      -42.4626350402832,
      32.41147994995117
    ],
    "ofd_mean_L1": 143.7747802734375,
    "ofd_median_L1": 147.39501953125,
    "ofd_bias": -143.7747802734375,
    "ofd_loA": [
      -196.100830078125,
      -91.44873046875
    ]
  },
  "STAGE3_FULL__multi_head_P1_A3": {
    "arch": "multi_head",
    "best_val_loss": 0.0004904511588392779,
    "num_samples": 64,
    "landmark_mean_error": 43.61882820725441,
    "bpd_mean_L1": 5.31484317779541,
    "bpd_median_L1": 1.02105712890625,
    "bpd_bias": -4.275217056274414,
    "bpd_loA": [
      -38.96973419189453,
      30.419301986694336
    ],
    "ofd_mean_L1": 141.2840576171875,
    "ofd_median_L1": 143.90496826171875,
    "ofd_bias": -141.2840576171875,
    "ofd_loA": [
      -201.15386962890625,
      -81.41424560546875
    ]
  },
  "STAGE3_FULL__multi_head_P2_A0": {
    "arch": "multi_head",
    "best_val_loss": 0.0005848401415278204,
    "num_samples": 64,
    "landmark_mean_error": 36.31175138056278,
    "bpd_mean_L1": 16.037588119506836,
    "bpd_median_L1": 1.741912841796875,
    "bpd_bias": -14.288595199584961,
    "bpd_loA": [
      -78.3167495727539,
      49.73955535888672
    ],
    "ofd_mean_L1": 77.71841430664062,
    "ofd_median_L1": 78.88347625732422,
    "ofd_bias": -71.4859619140625,
    "ofd_loA": [
      -155.39157104492188,
      12.419654846191406
    ]
  },
  "STAGE3_FULL__multi_head_P2_A1": {
    "arch": "multi_head",
    "best_val_loss": 0.0004686020838562399,
    "num_samples": 64,