{
  "num_samples": 64,
  "landmark_mean_error": 21.098969060461968,
  "bpd_mean_L1": 18.25806427001953,
  "bpd_median_L1": 1.81134033203125,
  "bpd_bias": -15.707321166992188,
  "bpd_loA": [
    -92.96859741210938,
    61.553955078125
  ],
  "ofd_mean_L1": 35.456512451171875,
  "ofd_median_L1": 11.22015380859375,
  "ofd_bias": -33.43301773071289,
  "ofd_loA": [
    -112.24761962890625,
    45.381587982177734
  ]
}