{
  "num_samples": 64,
  "landmark_mean_error": 24.97426372859627,
  "bpd_mean_L1": 23.171463012695312,
  "bpd_median_L1": 2.3193130493164062,
  "bpd_bias": -17.301578521728516,
  "bpd_loA": [
    -104.7000732421875,
    70.096923828125
  ],
  "ofd_mean_L1": 34.69196701049805,
  "ofd_median_L1": 16.72270965576172,
  "ofd_bias": -31.028743743896484,
  "ofd_loA": [
    -114.40475463867188,
    52.34727096557617
  ]
}