{
  "num_samples": 64,
  "landmark_mean_error": 14.395603761076927,
  "bpd_mean_L1": 6.1054368019104,
  "bpd_median_L1": 1.346343994140625,
  "bpd_bias": -4.109997272491455,
  "bpd_loA": [
    -34.84595489501953,
    26.625961303710938
  ],
  "ofd_mean_L1": 15.01569938659668,
  "ofd_median_L1": 1.9229888916015625,
  "ofd_bias": -10.549505233764648,
  "ofd_loA": [
    -68.98204803466797,
    47.88304138183594
  ]
}