{
  "num_samples": 64,
  "landmark_mean_error": 44.46422225236893,
  "bpd_mean_L1": 4.747004508972168,
  "bpd_median_L1": 1.3267288208007812,
  "bpd_bias": -0.9499343633651733,
  "bpd_loA": [
    -27.0028133392334,
    25.10294532775879
  ],
  "ofd_mean_L1": 134.48385620117188,
  "ofd_median_L1": 136.92897033691406,
  "ofd_bias": -134.48385620117188,
  "ofd_loA": [
    -196.52764892578125,
    -72.4400634765625
  ]
}