{
  "num_samples": 64,
  "landmark_mean_error": 44.076260566711426,
  "bpd_mean_L1": 8.209126472473145,
  "bpd_median_L1": 1.3659439086914062,
  "bpd_bias": -7.543703079223633,
  "bpd_loA": [
    -50.894020080566406,
    35.806610107421875
  ],
  "ofd_mean_L1": 109.30174255371094,
  "ofd_median_L1": 130.20846557617188,
  "ofd_bias": -108.3422622680664,
  "ofd_loA": [
    -218.04295349121094,
    1.358428955078125
  ]
}