{
  "num_samples": 64,
  "landmark_mean_error": 139.38717305660248,
  "bpd_mean_L1": 58.53319549560547,
  "bpd_median_L1": 54.11075973510742,
  "bpd_bias": 8.71238899230957,
  "bpd_loA": [
    -128.45329246520996,
    145.8780704498291
  ],
  "ofd_mean_L1": 133.6417236328125,
  "ofd_median_L1": 144.4286651611328,
  "ofd_bias": -115.289794921875,
  "ofd_loA": [
    -267.6397341918945,
    37.06014434814452
  ]
}