{
  "num_samples": 64,
  "landmark_mean_error": 45.93901252746582,
  "bpd_mean_L1": 16.562393188476562,
  "bpd_median_L1": 1.99871826171875,
  "bpd_bias": -14.836869239807129,
  "bpd_loA": [
    -85.1209716796875,
    55.447235107421875
  ],
  "ofd_mean_L1": 140.93020629882812,
  "ofd_median_L1": 145.12266540527344,
  "ofd_bias": -140.93020629882812,
  "ofd_loA": [
    -199.62380981445312,
    -82.23660278320312
  ]
}