{
  "num_samples": 64,
  "landmark_mean_error": 37.377505857497454,
  "bpd_mean_L1": 7.998133659362793,
  "bpd_median_L1": 1.166351318359375,
  "bpd_bias": -6.617307662963867,
  "bpd_loA": [
    -42.265716552734375,
    29.031103134155273
  ],
  "ofd_mean_L1": 119.50128173828125,
  "ofd_median_L1": 131.59524536132812,
  "ofd_bias": -119.50128173828125,
  "ofd_loA": [
    -218.10145568847656,
    -20.901107788085938
  ]
}